{
  "kind": "collectionType",
  "collectionName": "score_summaries",
  "info": {
    "singularName": "score-summary",
    "pluralName": "score-summaries",
    "displayName": "ScoreSummary",
    "description": ""
  },
  "options": {
    "draftAndPublish": true
  },
  "pluginOptions": {},
  "attributes": {
    "departmentCode": {
      "type": "string"
    },
    "departmentName": {
      "type": "string"
    },
    "college": {
      "type": "string"
    },
    "mathModelingScore": {
      "type": "float"
    },
    "researchElectronicsScore": {
      "type": "float"
    },
    "innovativeChipScore": {
      "type": "float"
    },
    "artificialIntelligenceScore": {
      "type": "float"
    },
    "caseStudyCompetitionScore": {
      "type": "float"
    },
    "doubleCarbonInnovationScore": {
      "type": "float"
    },
    "roboticsCompetitionScore": {
      "type": "float"
    },
    "financialTechnologyScore": {
      "type": "float"
    },
    "smartCityScore": {
      "type": "float"
    },
    "totalScore": {
      "type": "float"
    },
    "enterpriseManagementScore": {
      "type": "float"
    },
    "beautifulChinaScore": {
      "type": "float"
    },
    "code": {
      "type": "integer"
    }
  }
}
