{
  "kind": "collectionType",
  "collectionName": "reform_construction_projects",
  "info": {
    "singularName": "reform-construction-project",
    "pluralName": "reform-construction-projects",
    "displayName": "reformConstructionProject"
  },
  "options": {
    "draftAndPublish": true
  },
  "pluginOptions": {},
  "attributes": {
    "code": {
      "type": "decimal"
    },
    "departmentCode": {
      "type": "string"
    },
    "departmentName": {
      "type": "string"
    },
    "score": {
      "type": "float"
    },
    "projectName": {
      "type": "string"
    },
    "projectType": {
      "type": "string"
    },
    "principal": {
      "type": "string"
    },
    "territoryType": {
      "type": "string"
    },
    "rank": {
      "type": "string"
    },
    "operation": {
      "type": "string"
    }
  }
}
