{
  "kind": "collectionType",
  "collectionName": "affirm_competition_awards",
  "info": {
    "singularName": "affirm-competition-award",
    "pluralName": "affirm-competition-awards",
    "displayName": "AffirmCompetitionAward",
    "description": ""
  },
  "options": {
    "draftAndPublish": true
  },
  "pluginOptions": {},
  "attributes": {
    "departmentCode": {
      "type": "string"
    },
    "departmentName": {
      "type": "string"
    },
    "awardName": {
      "type": "string"
    },
    "awardedWork": {
      "type": "string"
    },
    "awardGrade": {
      "type": "string"
    },
    "awardingOrganization": {
      "type": "string"
    },
    "organizationType": {
      "type": "string"
    },
    "name": {
      "type": "string"
    },
    "awardDate": {
      "type": "biginteger"
    },
    "remarks": {
      "type": "string"
    },
    "score": {
      "type": "float"
    },
    "code": {
      "type": "integer"
    }
  }
}
