{
  "kind": "collectionType",
  "collectionName": "key_process_management_performances",
  "info": {
    "singularName": "key-process-management-performance",
    "pluralName": "key-process-management-performances",
    "displayName": "keyProcessManagementPerformance",
    "description": ""
  },
  "options": {
    "draftAndPublish": true
  },
  "pluginOptions": {},
  "attributes": {
    "departmentCode": {
      "type": "string"
    },
    "departmentName": {
      "type": "string"
    },
    "studentNumber": {
      "type": "string"
    },
    "name": {
      "type": "string"
    },
    "grade": {
      "type": "string"
    },
    "primaryDepartment": {
      "type": "string"
    },
    "secondaryDepartment": {
      "type": "string"
    },
    "firstLevelDiscipline": {
      "type": "string"
    },
    "secondLevelDiscipline": {
      "type": "string"
    },
    "academicDuration": {
      "type": "integer"
    },
    "expectedGraduationDate": {
      "type": "biginteger"
    },
    "trainingPlanStatus": {
      "type": "string"
    },
    "courseStudy": {
      "type": "string"
    },
    "basicLiteratureReading": {
      "type": "string"
    },
    "annualReport": {
      "type": "string"
    },
    "qualificationExam": {
      "type": "string"
    },
    "proposalReport": {
      "type": "string"
    },
    "academicActivity": {
      "type": "string"
    },
    "practiceResearch": {
      "type": "string"
    },
    "researchEthics": {
      "type": "string"
    },
    "midtermAudit": {
      "type": "string"
    },
    "operationTime": {
      "type": "biginteger"
    },
    "isMandatoryPass": {
      "type": "boolean"
    },
    "type": {
      "type": "string"
    },
    "code": {
      "type": "integer"
    }
  }
}
