{
  "kind": "collectionType",
  "collectionName": "config_menus",
  "info": {
    "singularName": "config-menu",
    "pluralName": "config-menus",
    "displayName": "config-menu",
    "description": ""
  },
  "options": {
    "draftAndPublish": true
  },
  "pluginOptions": {},
  "attributes": {
    "path": {
      "type": "string"
    },
    "component": {
      "type": "string"
    },
    "name": {
      "type": "string"
    },
    "redirect": {
      "type": "string"
    },
    "meta": {
      "type": "json"
    },
    "children": {
      "type": "json"
    },
    "isRemoved": {
      "type": "boolean",
      "default": false
    },
    "target": {
      "type": "string"
    },
    "menuName": {
      "type": "string"
    }
  }
}
