{
  "kind": "collectionType",
  "collectionName": "graduate_degree_awards",
  "info": {
    "singularName": "graduate-degree-award",
    "pluralName": "graduate-degree-awards",
    "displayName": "GraduateDegreeAward",
    "description": ""
  },
  "options": {
    "draftAndPublish": true
  },
  "pluginOptions": {},
  "attributes": {
    "departmentCode": {
      "type": "string"
    },
    "departmentName": {
      "type": "string"
    },
    "awardType": {
      "type": "string"
    },
    "name": {
      "type": "string"
    },
    "supervisor": {
      "type": "string"
    },
    "studentNumber": {
      "type": "string"
    },
    "degreeLevel": {
      "type": "string"
    },
    "degreeCategory": {
      "type": "string"
    },
    "majorField": {
      "type": "string"
    },
    "professionalMajor": {
      "type": "string"
    },
    "thesisTitle": {
      "type": "string"
    },
    "awardName": {
      "type": "string"
    },
    "awardLevel": {
      "type": "string"
    },
    "organizer": {
      "type": "string"
    },
    "awardDate": {
      "type": "biginteger"
    },
    "degreeDate": {
      "type": "biginteger"
    },
    "code": {
      "type": "integer"
    }
  }
}
