{
  "kind": "collectionType",
  "collectionName": "course_selection_performances",
  "info": {
    "singularName": "course-selection-performance",
    "pluralName": "course-selection-performances",
    "displayName": "courseSelectionPerformance",
    "description": ""
  },
  "options": {
    "draftAndPublish": true
  },
  "pluginOptions": {},
  "attributes": {
    "departmentCode": {
      "type": "string"
    },
    "departmentName": {
      "type": "string"
    },
    "code": {
      "type": "decimal"
    },
    "stdHoursAcadMajor": {
      "type": "float"
    },
    "stdHoursAcadPubRequired": {
      "type": "float"
    },
    "stdHoursProfPubRequired": {
      "type": "float"
    },
    "deductionHoursAcad": {
      "type": "float"
    },
    "deductionHoursProf": {
      "type": "float"
    },
    "adjustedStdHours": {
      "type": "float"
    },
    "courseCount": {
      "type": "integer"
    },
    "enrollmentCount": {
      "type": "integer"
    },
    "stdHoursAcadPubElective": {
      "type": "float"
    }
  }
}
