{
  "kind": "collectionType",
  "collectionName": "degree_award_statuses",
  "info": {
    "singularName": "degree-award-status",
    "pluralName": "degree-award-statuses",
    "displayName": "DegreeAwardStatus",
    "description": ""
  },
  "options": {
    "draftAndPublish": true
  },
  "pluginOptions": {},
  "attributes": {
    "departmentCode": {
      "type": "string"
    },
    "departmentName": {
      "type": "string"
    },
    "studentNumber": {
      "type": "string"
    },
    "name": {
      "type": "string"
    },
    "majorCode": {
      "type": "string"
    },
    "majorName": {
      "type": "string"
    },
    "degreeAwardTime": {
      "type": "biginteger"
    },
    "remarks": {
      "type": "string"
    },
    "code": {
      "type": "integer"
    }
  }
}
