{
  "kind": "collectionType",
  "collectionName": "inclusion_trainings",
  "info": {
    "singularName": "inclusion-training",
    "pluralName": "inclusion-trainings",
    "displayName": "InclusionTraining",
    "description": ""
  },
  "options": {
    "draftAndPublish": true
  },
  "pluginOptions": {},
  "attributes": {
    "departmentCode": {
      "type": "string"
    },
    "departmentName": {
      "type": "string"
    },
    "internationalExchangeIncluded": {
      "type": "boolean"
    },
    "remarks": {
      "type": "text"
    },
    "cultureProgram": {
      "type": "string"
    },
    "code": {
      "type": "integer"
    }
  }
}
