{
  "kind": "collectionType",
  "collectionName": "degree_duplicate_checkings",
  "info": {
    "singularName": "degree-duplicate-checking",
    "pluralName": "degree-duplicate-checkings",
    "displayName": "DegreeDuplicateChecking",
    "description": ""
  },
  "options": {
    "draftAndPublish": true
  },
  "pluginOptions": {},
  "attributes": {
    "departmentCode": {
      "type": "string"
    },
    "departmentName": {
      "type": "string"
    },
    "studentNumber": {
      "type": "string"
    },
    "name": {
      "type": "string"
    },
    "majorCode": {
      "type": "string"
    },
    "majorName": {
      "type": "string"
    },
    "supervisor": {
      "type": "string"
    },
    "degreeLevelType": {
      "type": "string"
    },
    "remarks": {
      "type": "string"
    },
    "selfPlagiarismRatio": {
      "type": "float"
    },
    "checkDate": {
      "type": "biginteger"
    },
    "code": {
      "type": "integer"
    }
  }
}
