{
  "kind": "collectionType",
  "collectionName": "performance_settings",
  "info": {
    "singularName": "performance-setting",
    "pluralName": "performance-settings",
    "displayName": "PerformanceSetting",
    "description": ""
  },
  "options": {
    "draftAndPublish": true
  },
  "pluginOptions": {},
  "attributes": {
    "primaryIndex": {
      "type": "string"
    },
    "secondaryIndex": {
      "type": "string"
    },
    "primaryRatio": {
      "type": "float"
    },
    "secondaryRatio": {
      "type": "float"
    },
    "accountingElement": {
      "type": "string"
    },
    "accountingRatio": {
      "type": "float"
    },
    "scoringRules": {
      "type": "string"
    },
    "score": {
      "type": "float"
    },
    "years": {
      "type": "string"
    }
  }
}
