{
  "kind": "collectionType",
  "collectionName": "performance_queries",
  "info": {
    "singularName": "performance-query",
    "pluralName": "performance-queries",
    "displayName": "PerformanceQuery",
    "description": ""
  },
  "options": {
    "draftAndPublish": true
  },
  "pluginOptions": {},
  "attributes": {
    "departmentCode": {
      "type": "string"
    },
    "departmentName": {
      "type": "string"
    },
    "primaryIndex": {
      "type": "string"
    },
    "secondaryIndex": {
      "type": "string"
    },
    "tertiaryIndex": {
      "type": "string"
    },
    "score": {
      "type": "float"
    },
    "scoringRules": {
      "type": "string"
    },
    "money": {
      "type": "float"
    },
    "remarks": {
      "type": "string"
    },
    "scoringTerm": {
      "type": "string"
    },
    "scoringData": {
      "type": "string"
    },
    "code": {
      "type": "integer"
    }
  }
}
