{
  "kind": "collectionType",
  "collectionName": "implementation_effects",
  "info": {
    "singularName": "implementation-effect",
    "pluralName": "implementation-effects",
    "displayName": "ImplementationEffect",
    "description": ""
  },
  "options": {
    "draftAndPublish": true
  },
  "pluginOptions": {},
  "attributes": {
    "departmentCode": {
      "type": "string"
    },
    "departmentName": {
      "type": "string"
    },
    "implementationThemedEvents": {
      "type": "string"
    },
    "recognitionLevel": {
      "type": "string"
    },
    "score": {
      "type": "float"
    },
    "departmentScore": {
      "type": "float"
    },
    "remarks": {
      "type": "string"
    },
    "code": {
      "type": "integer"
    }
  }
}
