{
  "kind": "collectionType",
  "collectionName": "graduate_innovate_awards_details",
  "info": {
    "singularName": "graduate-innovate-awards-detail",
    "pluralName": "graduate-innovate-awards-details",
    "displayName": "GraduateInnovateAwardsDetail",
    "description": ""
  },
  "options": {
    "draftAndPublish": true
  },
  "pluginOptions": {},
  "attributes": {
    "departmentCode": {
      "type": "string"
    },
    "departmentName": {
      "type": "string"
    },
    "score": {
      "type": "float"
    },
    "studentNumber": {
      "type": "string"
    },
    "awardGrade": {
      "type": "string"
    },
    "teamMember": {
      "type": "string"
    },
    "eventName": {
      "type": "string"
    },
    "code": {
      "type": "integer"
    }
  }
}
