{
  "kind": "collectionType",
  "collectionName": "graduate_course_ideology_constructions",
  "info": {
    "singularName": "graduate-course-ideology-construction",
    "pluralName": "graduate-course-ideology-constructions",
    "displayName": "graduateCourseIdeologyConstruction",
    "description": ""
  },
  "options": {
    "draftAndPublish": true
  },
  "pluginOptions": {},
  "attributes": {
    "departmentCode": {
      "type": "string"
    },
    "departmentName": {
      "type": "string"
    },
    "score": {
      "type": "float"
    },
    "projectName": {
      "type": "string"
    },
    "principal": {
      "type": "string"
    },
    "projectCategory": {
      "type": "string"
    },
    "approvalYear": {
      "type": "string"
    },
    "constructionPeriod": {
      "type": "string"
    },
    "jobNumber": {
      "type": "string"
    },
    "projectCode": {
      "type": "string"
    },
    "projectExpenditure": {
      "type": "float"
    },
    "remarks": {
      "type": "string"
    },
    "code": {
      "type": "integer"
    }
  }
}
