{
  "kind": "collectionType",
  "collectionName": "student_attrition_rates",
  "info": {
    "singularName": "student-attrition-rate",
    "pluralName": "student-attrition-rates",
    "displayName": "StudentAttritionRate",
    "description": ""
  },
  "options": {
    "draftAndPublish": true
  },
  "pluginOptions": {},
  "attributes": {
    "departmentCode": {
      "type": "string"
    },
    "departmentName": {
      "type": "string"
    },
    "departmentLevel1": {
      "type": "string"
    },
    "departmentLevel2": {
      "type": "string"
    },
    "educationLevel": {
      "type": "string"
    },
    "grade": {
      "type": "string"
    },
    "name": {
      "type": "string"
    },
    "studentNumber": {
      "type": "string"
    },
    "statusInSchool": {
      "type": "string"
    },
    "graduationType": {
      "type": "string"
    },
    "remarks": {
      "type": "string"
    },
    "code": {
      "type": "integer"
    }
  }
}
