{
  "kind": "collectionType",
  "collectionName": "degree_blind_reviews",
  "info": {
    "singularName": "degree-blind-review",
    "pluralName": "degree-blind-reviews",
    "displayName": "DegreeBlindReview",
    "description": ""
  },
  "options": {
    "draftAndPublish": true
  },
  "pluginOptions": {},
  "attributes": {
    "departmentCode": {
      "type": "string"
    },
    "departmentName": {
      "type": "string"
    },
    "studentNumber": {
      "type": "string"
    },
    "name": {
      "type": "string"
    },
    "degreeLevelCategory": {
      "type": "string"
    },
    "firstDisciplineCode": {
      "type": "string"
    },
    "firstDisciplineName": {
      "type": "string"
    },
    "secondDisciplineCode": {
      "type": "string"
    },
    "secondDisciplineName": {
      "type": "string"
    },
    "paperSubmissionTime": {
      "type": "string"
    },
    "evaluationItem1": {
      "type": "string"
    },
    "evaluationItem2": {
      "type": "string"
    },
    "evaluationItem3": {
      "type": "string"
    },
    "evaluationItem4": {
      "type": "string"
    },
    "overallEvaluation": {
      "type": "string"
    },
    "totalScore": {
      "type": "float"
    },
    "approvalStatus": {
      "type": "integer"
    },
    "remarks": {
      "type": "string"
    },
    "code": {
      "type": "integer"
    }
  }
}
