{
  "kind": "collectionType",
  "collectionName": "award_records",
  "info": {
    "singularName": "award-record",
    "pluralName": "award-records",
    "displayName": "awardRecord",
    "description": ""
  },
  "options": {
    "draftAndPublish": true
  },
  "pluginOptions": {},
  "attributes": {
    "departmentCode": {
      "type": "string"
    },
    "departmentName": {
      "type": "string"
    },
    "awardDate": {
      "type": "biginteger"
    },
    "competitionName": {
      "type": "string"
    },
    "awardedWork": {
      "type": "string"
    },
    "awardGrade": {
      "type": "string"
    },
    "awardingOrganization": {
      "type": "string"
    },
    "organizationType": {
      "type": "string"
    },
    "awardeeName": {
      "type": "string"
    },
    "remarks": {
      "type": "string"
    },
    "code": {
      "type": "integer"
    }
  }
}
