{
  "kind": "collectionType",
  "collectionName": "teaching_achievements",
  "info": {
    "singularName": "teaching-achievement",
    "pluralName": "teaching-achievements",
    "displayName": "TeachingAchievement",
    "description": ""
  },
  "options": {
    "draftAndPublish": true
  },
  "pluginOptions": {},
  "attributes": {
    "departmentCode": {
      "type": "string"
    },
    "departmentName": {
      "type": "string"
    },
    "unitSerialNumber": {
      "type": "string"
    },
    "primaryCompletionUnit": {
      "type": "string"
    },
    "departmentScore": {
      "type": "float"
    },
    "scoreValue": {
      "type": "float"
    },
    "grade": {
      "type": "string"
    },
    "awardName": {
      "type": "string"
    },
    "achievementName": {
      "type": "string"
    },
    "mainCompleterName": {
      "type": "string"
    },
    "categoryMajor": {
      "type": "string"
    },
    "categoryMinor": {
      "type": "string"
    },
    "remarks": {
      "type": "string"
    },
    "code": {
      "type": "integer"
    }
  }
}
