{
  "kind": "collectionType",
  "collectionName": "cscprojects",
  "info": {
    "singularName": "cscproject",
    "pluralName": "cscprojects",
    "displayName": "cscproject",
    "description": ""
  },
  "options": {
    "draftAndPublish": true
  },
  "pluginOptions": {},
  "attributes": {
    "departmentCode": {
      "type": "string"
    },
    "departmentName": {
      "type": "string"
    },
    "projectName": {
      "type": "string"
    },
    "projectCategory": {
      "type": "string"
    },
    "applicationYear": {
      "type": "string"
    },
    "establishmentYear": {
      "type": "string"
    },
    "implementationYear": {
      "type": "string"
    },
    "studyCountry": {
      "type": "string"
    },
    "studyUnit": {
      "type": "string"
    },
    "annualSelectionScale": {
      "type": "string"
    },
    "selectionCategoryAndScale": {
      "type": "string"
    },
    "isTuitionFunded": {
      "type": "boolean"
    },
    "code": {
      "type": "integer"
    }
  }
}
