{
  "kind": "collectionType",
  "collectionName": "excellent_educate_effects",
  "info": {
    "singularName": "excellent-educate-effect",
    "pluralName": "excellent-educate-effects",
    "displayName": "ExcellentEducateEffect",
    "description": ""
  },
  "options": {
    "draftAndPublish": true
  },
  "pluginOptions": {},
  "attributes": {
    "departmentCode": {
      "type": "string"
    },
    "departmentName": {
      "type": "string"
    },
    "score": {
      "type": "float"
    },
    "keyWorkContent": {
      "type": "string"
    },
    "remarks": {
      "type": "string"
    },
    "code": {
      "type": "integer"
    }
  }
}
