{
  "kind": "collectionType",
  "collectionName": "studying_abroad_graduates",
  "info": {
    "singularName": "studying-abroad-graduate",
    "pluralName": "studying-abroad-graduates",
    "displayName": "StudyingAbroadGraduate",
    "description": ""
  },
  "options": {
    "draftAndPublish": true
  },
  "pluginOptions": {},
  "attributes": {
    "departmentCode": {
      "type": "string"
    },
    "departmentName": {
      "type": "string"
    },
    "college": {
      "type": "string"
    },
    "cscProjectName": {
      "type": "string"
    },
    "remarks": {
      "type": "string"
    },
    "type": {
      "type": "string"
    },
    "code": {
      "type": "integer"
    }
  }
}
