{
  "kind": "collectionType",
  "collectionName": "excellent_doctoral_academic_innovation_projects",
  "info": {
    "singularName": "excellent-doctoral-academic-innovation-project",
    "pluralName": "excellent-doctoral-academic-innovation-projects",
    "displayName": "excellentDoctoralAcademicInnovationProject",
    "description": ""
  },
  "options": {
    "draftAndPublish": true
  },
  "pluginOptions": {},
  "attributes": {
    "departmentCode": {
      "type": "string"
    },
    "departmentName": {
      "type": "string"
    },
    "score": {
      "type": "float"
    },
    "projectName": {
      "type": "string"
    },
    "name": {
      "type": "string"
    },
    "studentNumber": {
      "type": "string"
    },
    "code": {
      "type": "integer"
    }
  }
}
