{
  "kind": "collectionType",
  "collectionName": "mplementation_effectiveness_summaries",
  "info": {
    "singularName": "mplementation-effectiveness-summary",
    "pluralName": "mplementation-effectiveness-summaries",
    "displayName": "MplementationEffectivenessSummary",
    "description": ""
  },
  "options": {
    "draftAndPublish": true
  },
  "pluginOptions": {},
  "attributes": {
    "departmentCode": {
      "type": "string"
    },
    "departmentName": {
      "type": "string"
    },
    "registrationCount": {
      "type": "biginteger"
    },
    "firstPrizeCount": {
      "type": "integer"
    },
    "secondPrizeCount": {
      "type": "integer"
    },
    "thirdPrizeCount": {
      "type": "integer"
    },
    "subtotalPrizeCount": {
      "type": "integer"
    },
    "implementationEffectivenessScore": {
      "type": "float"
    },
    "organizationEffectivenessScore": {
      "type": "float"
    },
    "overallImplementationScore": {
      "type": "float"
    },
    "code": {
      "type": "integer"
    }
  }
}
