{
  "kind": "collectionType",
  "collectionName": "training_model_reform_projects",
  "info": {
    "singularName": "training-model-reform-project",
    "pluralName": "training-model-reform-projects",
    "displayName": "trainingCityReformProject",
    "description": ""
  },
  "options": {
    "draftAndPublish": true
  },
  "pluginOptions": {},
  "attributes": {
    "departmentCode": {
      "type": "string"
    },
    "departmentName": {
      "type": "string"
    },
    "score": {
      "type": "float"
    },
    "projectName": {
      "type": "string"
    },
    "principal": {
      "type": "string"
    },
    "remarks": {
      "type": "string"
    },
    "type": {
      "type": "string"
    },
    "code": {
      "type": "integer"
    },
    "years": {
      "type": "string"
    },
    "constructionPeriod": {
      "type": "string"
    },
    "projectType": {
      "type": "string"
    },
    "studentNumber": {
      "type": "string"
    },
    "projectCode": {
      "type": "string"
    }
  }
}
