{
  "kind": "collectionType",
  "collectionName": "register_wastage_statistics",
  "info": {
    "singularName": "register-wastage-statistic",
    "pluralName": "register-wastage-statistics",
    "displayName": "registerWastageStatistic",
    "description": ""
  },
  "options": {
    "draftAndPublish": true
  },
  "pluginOptions": {},
  "attributes": {
    "departmentCode": {
      "type": "string"
    },
    "departmentName": {
      "type": "string"
    },
    "totalScore": {
      "type": "float"
    },
    "repairReportCount": {
      "type": "integer"
    },
    "repairReportDemeritPoints": {
      "type": "float"
    },
    "doctorateMasterDemeritPoints": {
      "type": "float"
    },
    "timeoutSignCount": {
      "type": "integer"
    },
    "isSurpasslimit": {
      "type": "boolean"
    },
    "doctorateDropCount": {
      "type": "integer"
    },
    "masterDropCount": {
      "type": "integer"
    },
    "code": {
      "type": "integer"
    }
  }
}
