{
  "kind": "collectionType",
  "collectionName": "config_forms",
  "info": {
    "singularName": "config-form",
    "pluralName": "config-forms",
    "displayName": "config-form",
    "description": ""
  },
  "options": {
    "draftAndPublish": true
  },
  "pluginOptions": {},
  "attributes": {
    "name": {
      "type": "string",
      "required": true,
      "unique": true
    },
    "options": {
      "type": "json"
    },
    "attributes": {
      "type": "json"
    },
    "remoteConfig": {
      "type": "json"
    },
    "node": {
      "type": "string",
      "required": true
    },
    "isRemote": {
      "type": "boolean",
      "default": false
    }
  }
}
