{
  "kind": "collectionType",
  "collectionName": "teaching_construction_training_reform_results",
  "info": {
    "singularName": "teaching-construction-training-reform-result",
    "pluralName": "teaching-construction-training-reform-results",
    "displayName": "TeachingConstructionTrainingReformResult"
  },
  "options": {
    "draftAndPublish": true
  },
  "pluginOptions": {},
  "attributes": {
    "code": {
      "type": "integer"
    },
    "departmentCode": {
      "type": "string"
    },
    "departmentName": {
      "type": "string"
    },
    "cityReformProjectScore": {
      "type": "float"
    },
    "schoolReformCultivationModeScore": {
      "type": "float"
    },
    "schoolReformExcellentDoctorScore": {
      "type": "float"
    },
    "schoolReformCourseIdeologyConstructionScore": {
      "type": "float"
    },
    "academicExchangeProjectScore": {
      "type": "float"
    },
    "professionalDegreeReformProjectScore": {
      "type": "float"
    },
    "baseConstructionScore": {
      "type": "float"
    },
    "excellentCaseScore": {
      "type": "float"
    },
    "departmentReformProjectsTotalScore": {
      "type": "float"
    }
  }
}
