{
  "kind": "collectionType",
  "collectionName": "department_international_cooperations",
  "info": {
    "singularName": "department-international-cooperation",
    "pluralName": "department-international-cooperations",
    "displayName": "DepartmentInternationalCooperation",
    "description": ""
  },
  "options": {
    "draftAndPublish": true
  },
  "pluginOptions": {},
  "attributes": {
    "departmentCode": {
      "type": "string"
    },
    "departmentName": {
      "type": "string"
    },
    "partnerUniversityName": {
      "type": "string"
    },
    "country": {
      "type": "string"
    },
    "cooperationMode": {
      "type": "string"
    },
    "cooperationLevel": {
      "type": "string"
    },
    "projectLeader": {
      "type": "string"
    },
    "studentNumber": {
      "type": "string"
    },
    "name": {
      "type": "string"
    },
    "college": {
      "type": "string"
    },
    "cscProjectName": {
      "type": "string"
    },
    "remarks": {
      "type": "string"
    },
    "type": {
      "type": "string"
    },
    "signingDate": {
      "type": "string"
    },
    "code": {
      "type": "integer"
    }
  }
}
