{
  "kind": "collectionType",
  "collectionName": "degree_audits",
  "info": {
    "singularName": "degree-audit",
    "pluralName": "degree-audits",
    "displayName": "DegreeAudit",
    "description": ""
  },
  "options": {
    "draftAndPublish": true
  },
  "pluginOptions": {},
  "attributes": {
    "departmentCode": {
      "type": "string"
    },
    "departmentName": {
      "type": "string"
    },
    "studentNumber": {
      "type": "string"
    },
    "name": {
      "type": "string"
    },
    "degreeLevelType": {
      "type": "string"
    },
    "firstDisciplineCode": {
      "type": "string"
    },
    "firstDisciplineName": {
      "type": "string"
    },
    "secondDisciplineCode": {
      "type": "string"
    },
    "secondDisciplineName": {
      "type": "string"
    },
    "auditLevel": {
      "type": "string"
    },
    "publishTime": {
      "type": "string"
    },
    "remarks": {
      "type": "string"
    },
    "code": {
      "type": "integer"
    }
  }
}
