{
  "kind": "collectionType",
  "collectionName": "approval_timeouts",
  "info": {
    "singularName": "approval-timeout",
    "pluralName": "approval-timeouts",
    "displayName": "approvalTimeout",
    "description": ""
  },
  "options": {
    "draftAndPublish": true
  },
  "pluginOptions": {},
  "attributes": {
    "departmentCode": {
      "type": "string"
    },
    "departmentName": {
      "type": "string"
    },
    "studentNumber": {
      "type": "string"
    },
    "name": {
      "type": "string"
    },
    "checkoutTime": {
      "type": "biginteger"
    },
    "movementCategory": {
      "type": "string"
    },
    "movementSubcategory": {
      "type": "string"
    },
    "approvalStatus": {
      "type": "string"
    },
    "applicationDate": {
      "type": "biginteger"
    },
    "approvalDate": {
      "type": "biginteger"
    },
    "approvalNumber": {
      "type": "string"
    },
    "applicationReason": {
      "type": "string"
    },
    "code": {
      "type": "integer"
    }
  }
}
