{
  "kind": "collectionType",
  "collectionName": "departments",
  "info": {
    "singularName": "department",
    "pluralName": "departments",
    "displayName": "department",
    "description": ""
  },
  "options": {
    "draftAndPublish": true
  },
  "pluginOptions": {},
  "attributes": {
    "departmentName": {
      "type": "string"
    },
    "departmentCode": {
      "type": "string"
    },
    "state": {
      "type": "string"
    },
    "createdTime": {
      "type": "biginteger"
    },
    "creator": {
      "type": "string"
    },
    "creatorName": {
      "type": "string"
    },
    "lastUpdateTime": {
      "type": "biginteger"
    },
    "lastUpdater": {
      "type": "string"
    },
    "lastUpdaterName": {
      "type": "string"
    },
    "isRemoved": {
      "type": "boolean"
    },
    "performanceDepartmentName": {
      "type": "string"
    },
    "buinCode": {
      "type": "string"
    },
    "buinDepartmentName": {
      "type": "string"
    },
    "code": {
      "type": "integer"
    }
  }
}
