{
  "kind": "collectionType",
  "collectionName": "administrators",
  "info": {
    "singularName": "administrator",
    "pluralName": "administrators",
    "displayName": "administrator",
    "description": ""
  },
  "options": {
    "draftAndPublish": true
  },
  "pluginOptions": {},
  "attributes": {
    "name": {
      "type": "string"
    },
    "number": {
      "type": "string"
    },
    "roles": {
      "type": "string"
    },
    "state": {
      "type": "string"
    },
    "authenticationMethods": {
      "type": "string"
    },
    "password": {
      "type": "string"
    },
    "departmentName": {
      "type": "string"
    },
    "departmentCode": {
      "type": "string"
    },
    "performanceDepartmentName": {
      "type": "string"
    },
    "buinCode": {
      "type": "string"
    }
  }
}
