{
  "kind": "collectionType",
  "collectionName": "foreign_language_competitions",
  "info": {
    "singularName": "foreign-language-competition",
    "pluralName": "foreign-language-competitions",
    "displayName": "foreignLanguageCompetition",
    "description": ""
  },
  "options": {
    "draftAndPublish": true
  },
  "pluginOptions": {},
  "attributes": {
    "departmentCode": {
      "type": "string"
    },
    "departmentName": {
      "type": "string"
    },
    "unitSerialNumber": {
      "type": "string"
    },
    "collegeScore": {
      "type": "float"
    },
    "scoreValue": {
      "type": "float"
    },
    "awardLevel": {
      "type": "string"
    },
    "awardGrade": {
      "type": "string"
    },
    "competitionName": {
      "type": "string"
    },
    "name": {
      "type": "string"
    },
    "studentNumber": {
      "type": "string"
    },
    "hostOrganization": {
      "type": "string"
    },
    "awardTime": {
      "type": "biginteger"
    },
    "remarks": {
      "type": "string"
    },
    "code": {
      "type": "integer"
    }
  }
}
