{
  "kind": "collectionType",
  "collectionName": "summary_performances",
  "info": {
    "singularName": "summary-performance",
    "pluralName": "summary-performances",
    "displayName": "PerformanceSummary",
    "description": ""
  },
  "options": {
    "draftAndPublish": true
  },
  "pluginOptions": {},
  "attributes": {
    "departmentCode": {
      "type": "string"
    },
    "departmentName": {
      "type": "string"
    },
    "recruitmentPromotion": {
      "type": "string"
    },
    "studentQuality": {
      "type": "string"
    },
    "examRecruitment": {
      "type": "string"
    },
    "internationalStudents": {
      "type": "float"
    },
    "deductions": {
      "type": "float"
    },
    "recruitmentPerformance": {
      "type": "float"
    },
    "courseOfferingPerformance": {
      "type": "float"
    },
    "crossCoursePerformance": {
      "type": "float"
    },
    "keyProcessManagementPerformance": {
      "type": "float"
    },
    "teachingOperationPerformance": {
      "type": "float"
    },
    "teachingConstructionScore": {
      "type": "float"
    },
    "teachingAchievementScore": {
      "type": "float"
    },
    "excellentEducationBonus": {
      "type": "float"
    },
    "teachingConstructionTotalScore": {
      "type": "float"
    },
    "teachingConstructionPerformance": {
      "type": "float"
    },
    "subjectCompetitionScore": {
      "type": "float"
    },
    "nationalAwardScore": {
      "type": "float"
    },
    "journalPublicationScore": {
      "type": "float"
    },
    "scientificAchievementPerformance": {
      "type": "float"
    },
    "integrationScore": {
      "type": "float"
    },
    "internationalCooperationScore": {
      "type": "float"
    },
    "studentExchangeScore": {
      "type": "float"
    },
    "internationalTalentTotal": {
      "type": "float"
    },
    "internationalTalentPerformance": {
      "type": "float"
    },
    "graduationRateScore": {
      "type": "float"
    },
    "registrationDropoutRate": {
      "type": "float"
    },
    "studentStatusTotal": {
      "type": "float"
    },
    "studentStatusPerformance": {
      "type": "float"
    },
    "cultivationTotalPerformance": {
      "type": "float"
    },
    "degreeAwardStatus": {
      "type": "string"
    },
    "thesisQualityInspection": {
      "type": "string"
    },
    "blindReviewResult": {
      "type": "string"
    },
    "thesisDuplicationRate": {
      "type": "string"
    },
    "finalAssessmentScore": {
      "type": "float"
    },
    "excellentPaperAward": {
      "type": "string"
    },
    "degreeWorkPerformance": {
      "type": "float"
    },
    "innovationCompetitionAndCoursePerformance": {
      "type": "float"
    },
    "graduatePlacementPerformance": {
      "type": "float"
    },
    "graduateTalentCultivationRewardTotalPerformance": {
      "type": "float"
    },
    "facultyTeachingStaffExpenseToPerformance": {
      "type": "float"
    },
    "totalPerformance": {
      "type": "float"
    },
    "type": {
      "type": "string"
    },
    "number": {
      "type": "string"
    },
    "recruitmentScore": {
      "type": "float"
    },
    "academicDegreeSpecialtyStandardHours": {
      "type": "float"
    },
    "academicDegreePublicElectiveStandardHours": {
      "type": "float"
    },
    "academicAndProfessionalDegreeRequiredStandardHours": {
      "type": "float"
    },
    "deductionItemConvertedStandardHours": {
      "type": "float"
    },
    "academicDegreeSpecialtyPerformance": {
      "type": "float"
    },
    "academicDegreePublicElectivePerformance": {
      "type": "float"
    },
    "academicAndProfessionalDegreeRequiredPerformance": {
      "type": "float"
    },
    "deductionItemPerformanceDeduction": {
      "type": "float"
    },
    "disciplineCompetitionAwardsScore": {
      "type": "float"
    },
    "competitionAwardsScore": {
      "type": "float"
    },
    "patentPublicationScore": {
      "type": "float"
    },
    "patentScore": {
      "type": "float"
    },
    "patentPerformance": {
      "type": "float"
    },
    "performanceTotal": {
      "type": "float"
    },
    "deductTotalPerformance": {
      "type": "float"
    },
    "code": {
      "type": "decimal"
    }
  }
}
