{
  "kind": "collectionType",
  "collectionName": "recognition_records",
  "info": {
    "singularName": "recognition-record",
    "pluralName": "recognition-records",
    "displayName": "recognitionRecord",
    "description": ""
  },
  "options": {
    "draftAndPublish": true
  },
  "pluginOptions": {},
  "attributes": {
    "departmentCode": {
      "type": "string"
    },
    "departmentName": {
      "type": "string"
    },
    "departmentScore": {
      "type": "float"
    },
    "scoreValue": {
      "type": "float"
    },
    "recognitionLevel": {
      "type": "string"
    },
    "competitionName": {
      "type": "string"
    },
    "awardedWork": {
      "type": "string"
    },
    "awardGrade": {
      "type": "string"
    },
    "awardingOrganization": {
      "type": "string"
    },
    "organizationType": {
      "type": "string"
    },
    "awardeeName": {
      "type": "string"
    },
    "awardDate": {
      "type": "biginteger"
    },
    "remarks": {
      "type": "string"
    },
    "code": {
      "type": "integer"
    }
  }
}
