{
  "kind": "collectionType",
  "collectionName": "innovation_practice_competition_details",
  "info": {
    "singularName": "innovation-practice-competition-detail",
    "pluralName": "innovation-practice-competition-details",
    "displayName": "InnovationPracticeCompetitionDetail",
    "description": ""
  },
  "options": {
    "draftAndPublish": true
  },
  "pluginOptions": {},
  "attributes": {
    "departmentCode": {
      "type": "string"
    },
    "departmentName": {
      "type": "string"
    },
    "competitionYear": {
      "type": "string"
    },
    "competitionCategory": {
      "type": "string"
    },
    "competitionDetail": {
      "type": "string"
    },
    "code": {
      "type": "integer"
    }
  }
}
