{
  "kind": "collectionType",
  "collectionName": "graduation_statuses",
  "info": {
    "singularName": "graduation-status",
    "pluralName": "graduation-statuses",
    "displayName": "graduationStatus",
    "description": ""
  },
  "options": {
    "draftAndPublish": true
  },
  "pluginOptions": {},
  "attributes": {
    "departmentCode": {
      "type": "string"
    },
    "departmentName": {
      "type": "string"
    },
    "studentNumber": {
      "type": "string"
    },
    "name": {
      "type": "string"
    },
    "YXYJ": {
      "type": "string"
    },
    "YXEJ": {
      "type": "string"
    },
    "ZY": {
      "type": "string"
    },
    "ZYDM": {
      "type": "string"
    },
    "DS": {
      "type": "string"
    },
    "DSGH": {
      "type": "string"
    },
    "BYLX": {
      "type": "string"
    },
    "BYRQ": {
      "type": "string"
    },
    "xz": {
      "type": "string"
    },
    "nj": {
      "type": "string"
    },
    "noColumn": {
      "type": "string"
    },
    "type": {
      "type": "string"
    },
    "code": {
      "type": "integer"
    }
  }
}
