{
  "kind": "collectionType",
  "collectionName": "performance_indexs",
  "info": {
    "singularName": "performance-index",
    "pluralName": "performance-indexs",
    "displayName": "PerformanceIndex",
    "description": ""
  },
  "options": {
    "draftAndPublish": true
  },
  "pluginOptions": {},
  "attributes": {
    "indexName": {
      "type": "string"
    },
    "indexLevel": {
      "type": "string"
    },
    "parentIndex": {
      "type": "integer"
    },
    "scoringRules": {
      "type": "json"
    }
  }
}
