{
  "kind": "collectionType",
  "collectionName": "graduation_rate_by_terms",
  "info": {
    "singularName": "graduation-rate-by-term",
    "pluralName": "graduation-rate-by-terms",
    "displayName": "GraduationRateByTerm",
    "description": ""
  },
  "options": {
    "draftAndPublish": true
  },
  "pluginOptions": {},
  "attributes": {
    "departmentCode": {
      "type": "string"
    },
    "departmentName": {
      "type": "string"
    },
    "YXYJ": {
      "type": "string"
    },
    "YXEJ": {
      "type": "string"
    },
    "actualGraduates": {
      "type": "string"
    },
    "totalGraduatesExpected": {
      "type": "string"
    },
    "graduationRate": {
      "type": "string"
    },
    "remarks": {
      "type": "string"
    },
    "code": {
      "type": "integer"
    }
  }
}
