{
  "kind": "collectionType",
  "collectionName": "organization_implementations",
  "info": {
    "singularName": "organization-implementation",
    "pluralName": "organization-implementations",
    "displayName": "OrganizationImplementation",
    "description": ""
  },
  "options": {
    "draftAndPublish": true
  },
  "pluginOptions": {},
  "attributes": {
    "departmentCode": {
      "type": "string"
    },
    "departmentName": {
      "type": "string"
    },
    "registrationCount": {
      "type": "integer"
    },
    "firstPrizeCount": {
      "type": "integer"
    },
    "secondPrizeCount": {
      "type": "integer"
    },
    "thirdPrizeCount": {
      "type": "integer"
    },
    "subtotalPrizeCount": {
      "type": "integer"
    },
    "populationSize": {
      "type": "string"
    },
    "departmentScore": {
      "type": "float"
    },
    "code": {
      "type": "integer"
    }
  }
}
