{
  "kind": "collectionType",
  "collectionName": "metadatas",
  "info": {
    "singularName": "metadata",
    "pluralName": "metadatas",
    "displayName": "metadata",
    "description": ""
  },
  "options": {
    "draftAndPublish": true
  },
  "pluginOptions": {},
  "attributes": {
    "code": {
      "type": "string"
    },
    "name": {
      "type": "string"
    },
    "category": {
      "type": "string"
    },
    "description": {
      "type": "string"
    },
    "creatorName": {
      "type": "string"
    },
    "creatorNumber": {
      "type": "string"
    },
    "jsonData": {
      "type": "json"
    },
    "createdTime": {
      "type": "datetime"
    },
    "isRemoved": {
      "type": "boolean"
    },
    "isModifiable": {
      "type": "boolean"
    }
  }
}
