{
  "kind": "collectionType",
  "collectionName": "academic_competition_awards",
  "info": {
    "singularName": "academic-competition-award",
    "pluralName": "academic-competition-awards",
    "displayName": "academicCompetitionAward",
    "description": ""
  },
  "options": {
    "draftAndPublish": true
  },
  "pluginOptions": {},
  "attributes": {
    "departmentCode": {
      "type": "string"
    },
    "departmentName": {
      "type": "string"
    },
    "graduateInnovationPracticeScore": {
      "type": "float"
    },
    "foreignLanguageCompetitionScore": {
      "type": "float"
    },
    "recognizedCompetitionScore": {
      "type": "float"
    },
    "organizationImplementationEffectiveness": {
      "type": "float"
    },
    "totalScore": {
      "type": "float"
    },
    "code": {
      "type": "integer"
    }
  }
}
