{
  "kind": "collectionType",
  "collectionName": "conference_visitors",
  "info": {
    "singularName": "conference-visitor",
    "pluralName": "conference-visitors",
    "displayName": "ConferenceVisitor",
    "description": ""
  },
  "options": {
    "draftAndPublish": true
  },
  "pluginOptions": {},
  "attributes": {
    "departmentCode": {
      "type": "string"
    },
    "departmentName": {
      "type": "string"
    },
    "studentNumber": {
      "type": "string"
    },
    "name": {
      "type": "string"
    },
    "conferenceName": {
      "type": "string"
    },
    "remarks": {
      "type": "string"
    },
    "rank": {
      "type": "string"
    },
    "visitingInstitution": {
      "type": "string"
    },
    "type": {
      "type": "string"
    },
    "applicationTime": {
      "type": "biginteger"
    },
    "applicationNumber": {
      "type": "string"
    },
    "educationStage": {
      "type": "string"
    },
    "buinDepartmentName": {
      "type": "string"
    },
    "major": {
      "type": "string"
    },
    "supervisor": {
      "type": "string"
    },
    "departureTime": {
      "type": "biginteger"
    },
    "returnTime": {
      "type": "biginteger"
    },
    "abroadDuration": {
      "type": "integer"
    },
    "reasonForAbroad": {
      "type": "string"
    },
    "fundingSource": {
      "type": "string"
    },
    "destination": {
      "type": "string"
    },
    "region": {
      "type": "string"
    },
    "institutionName": {
      "type": "string"
    },
    "personalEmail": {
      "type": "string"
    },
    "schoolEmail": {
      "type": "string"
    },
    "contactPhone": {
      "type": "string"
    },
    "conferenceLevel": {
      "type": "string"
    },
    "code": {
      "type": "integer"
    }
  }
}
