{
  "kind": "collectionType",
  "collectionName": "custom_userdetails",
  "info": {
    "singularName": "custom-userdetail",
    "pluralName": "custom-userdetails",
    "displayName": "CustomUserDetail",
    "description": ""
  },
  "options": {
    "draftAndPublish": true
  },
  "pluginOptions": {},
  "attributes": {
    "created_time": {
      "type": "biginteger"
    },
    "creator": {
      "type": "string"
    },
    "creatorName": {
      "type": "string"
    },
    "isRemoved": {
      "type": "boolean"
    },
    "lastUpdateTime": {
      "type": "biginteger"
    },
    "lastUpdater": {
      "type": "string"
    },
    "lastUpdaterName": {
      "type": "string"
    },
    "activateTime": {
      "type": "biginteger"
    },
    "activated": {
      "type": "boolean"
    },
    "authenticationMethods": {
      "type": "string"
    },
    "departmentName": {
      "type": "string"
    },
    "office": {
      "type": "string"
    },
    "password": {
      "type": "string"
    },
    "realName": {
      "type": "string"
    },
    "roles": {
      "type": "string"
    },
    "username": {
      "type": "string"
    }
  }
}
